userName,score,at,content
Derry Harristian 05,5,2025-12-11 10:41:00,Agak sulit sedikit
YUNIE NURAENI,2,2025-12-11 07:04:25,kenpa saya tidk bisa masuk kedalm akun? kata sandi salah mulu! sudh saya ganti tetep slaah...
asra jr,2,2025-12-11 06:31:34,saya mau masuk g bisa terus padahal sandinya udah bener
Henix Setya,4,2025-12-11 03:00:54,mau daftar tapi tidak ada verifikasi yang masuk gimana solusinya kak
hii lily!,1,2025-12-10 02:55:55,saya pernah vaksin tapi pas mau liat sertifikatnya ko tulisannya tidak ada riwayat vaksin ya?
Hidayatullah Prince,5,2025-12-10 01:33:15,mamtap
El Vina,2,2025-12-09 21:42:51,"gue gak paham lagi, aku mau coba daftar pakek email atau pakek nomor telpon sama aja. Katanya email dan nomor udah di terdaftar. aku kira udah terdaftar dan begitu memang prosesnya. pas login, kagak bisa masuk dan tak terdaftar. tolong banget di perbaiki dong. inj kan aplikasi pemerintah. masak kualitas nya jelek banget. ğŸ™"
Munirah RX,1,2025-12-09 12:50:49,Aneh banget ibu gue kaga ngikut cek kesehatan gratis tiba2 dapet wa tiket ckg dan selang 1 menit langsung keluar hasil pemeriksaan. manipulasi banget!!
Karmila Micha,1,2025-12-09 10:43:19,knpa ini akun satu sehat sering skli minta update bikin bosan bagi kami yg mengunakan apk satu sehat
Yani Ra,1,2025-12-09 05:34:20,kenapa GK bisa akses masuk ? SDH masuk pasword langsung keluar???? tolong di perbaiki BPJS inib!
Hadi Siswanto,5,2025-12-08 11:24:28,okok okokok
AldyKhap _,5,2025-12-08 09:28:28,good
Jaffar.M Ghoffar,1,2025-12-08 09:16:51,"eror akun sesuai tapi tidak bisa masuk, pin sudah sesuai padahal ANEHHH BANGETTTT"
Zahratu Fuady,5,2025-12-08 08:04:46,"klo bikin aplikasi yg bagus dong jng yg murah, buat ngecek aja gak bisa apalagi donlot sertifikatnya, bikin malu."
tri trita tami,5,2025-12-08 08:01:39,bagus cepat
Angga Yunandha,5,2025-12-08 07:58:17,sangat bagus dan keren
m majan,5,2025-12-08 07:05:46,sudah bisa setelah di update.... tp login pake ikd nya ga bisa
Mar Linda,5,2025-12-08 06:54:13,terbaik
Lidya Desmita,5,2025-12-08 06:49:30,terbaik
rieza zulfahmi,5,2025-12-08 05:43:20,sudah bagus
farida fiorentina,5,2025-12-08 05:31:03,sangat bagus
Nok Titi,5,2025-12-08 05:26:02,the best
Bebek Ayam Bumbu Hitam Madura,5,2025-12-08 05:14:12,aplikasi yang sangat membantu kami.. terimakasih
Muhammad iqbal,5,2025-12-08 05:13:29,mudah digunakan dan user friendly
zara,5,2025-12-08 05:11:05,very useful
Saleh Suryo Laksono,5,2025-12-08 04:54:43,mntap
abdul mujab,5,2025-12-08 04:49:28,oke
Rizki Batara,5,2025-12-08 04:48:23,smart app for health
Suriyaningsih,5,2025-12-08 04:39:52,good
Alvita Dwi Lestari,5,2025-12-08 04:39:05,aplikasi keren
Anisha rizal,5,2025-12-08 04:36:50,bagusss
Adel Noermalisa,5,2025-12-08 04:19:05,hari saya cek kesehatan
Jihann Nblh24,5,2025-12-08 04:18:20,bagus dan rapih enak
Dewi Yuliani,5,2025-12-08 04:08:23,Sangat bagus utk riwayat kesehatan
Sunardi 46,1,2025-12-08 04:05:57,"ga jelas bgt, masukan no HP katanya udh dipake, masukan email jg ga bisa, udh foto KTP jg tetep ga bisa masuk, rugi waktu untk instal"
rabda febianto,1,2025-12-08 03:43:20,"tidak bisa login pake metode apapun. sekalinya bisa login, sudah ada data hasil pemeriksaan yang saya tidak pernah lakukan dengan nomor tlp yg beda. sudah kirim aduan ke help desk tapi belom ada respon."
Larno Larno,5,2025-12-08 03:35:44,aplikasi bagus
esi meilanie,5,2025-12-08 03:25:30,hkn oke
Ancestor Ji,1,2025-12-08 03:08:28,"Aplikasi paling jelek, karya pemerintah, susah sekali mengubah data pribadi, susah sekali ngecek sesuatu tanpa aplikasi ngecrash dan kembali ke menu awal, ini kayak buatan anak magang sekolah."
Jati Susilo,5,2025-12-08 03:02:46,bagus
Dana Cepat Solo Raya,5,2025-12-08 02:57:43,bagus
Pesta l Samsida,5,2025-12-08 01:22:23,support sistem banget nihh
Achmad Naam,1,2025-12-07 16:29:56,rupanya ada yg bajak identitas ku. masuknya pun luar biasa susahnya..
Liza Setyaningsih109,5,2025-12-07 14:24:22,bagus
melampauikabut,1,2025-12-07 12:20:04,"banyak bug, stress"
Abid TV,5,2025-12-07 10:04:34,Bagus
Jaharuddin Harahap,5,2025-12-07 09:19:03,bermanfaat
Aditiya Rasyid,2,2025-12-07 09:16:20,apk nya aneh masak nik nya GK bisa di rubah tolong di perbaiki LG apknyağŸ™
eko beli,5,2025-12-07 08:54:38,ok
Suhartini Soekardjo,5,2025-12-07 08:29:30,bagus
Dewi Tanjung,5,2025-12-07 08:28:57,sangat mudah
Ahmad Hendra Marfiadi,5,2025-12-07 08:20:33,dapet voucher boss
Muhammad Hilman Nukas,1,2025-12-07 08:18:37,ga bisa masuk udh hpir 1thn
Muhammad Sofyan,5,2025-12-07 08:03:08,keren dan top
Birkah Syahid,5,2025-12-07 07:56:29,keren
Daru Rahmanto,5,2025-12-07 07:55:40,keren permainannya
dewi rahmadani,5,2025-12-07 07:43:51,sangat bermanfaat
Azahra nadiza,5,2025-12-07 07:41:34,lebih mudah dan keren
Ahaz Limala,5,2025-12-07 07:23:28,mantap
muhdaniar Juni,5,2025-12-07 07:16:45,bagus
bahrul arifudin,5,2025-12-07 07:16:26,keren
Asri Dorisman,5,2025-12-07 06:51:11,terbaik inovatif
Anya Forger,5,2025-12-07 06:46:16,baik
Maulinda Eka Kusuma Wardani,5,2025-12-07 06:38:09,sangat membantu dan menarik aplikasinya
Yunita Dewi Trisnasari,5,2025-12-07 06:35:59,mantap
Rachel Novelia,5,2025-12-07 06:34:16,aplikasi yang berguna
Abdul aziz Husain,5,2025-12-07 06:24:53,app bermanfaat ğŸ‘ğŸ»
Sari,5,2025-12-07 06:24:26,mantap baguss
Bayu Aziz Saputra,5,2025-12-07 06:20:15,mantap
thahara salsa,5,2025-12-07 06:17:09,pelayanan sangat memuaskan
ichwatunnida sanjaya,5,2025-12-07 05:59:55,aplilasi baik mnatap
Andini Hendrawati,5,2025-12-07 05:40:00,aplikasi satu sehat memudahkan
Riri Andyta,5,2025-12-07 05:39:19,semoga sehatt semua kita.....ğŸ˜ƒ
Merdeka Sukmana,5,2025-12-07 05:38:42,semoga sehat
lina amrini,5,2025-12-07 05:15:42,aplikasi nya sangat membantu
Bayu Purnama Putra,5,2025-12-07 05:14:11,aplikasi bermanfaat
Ahmad Bukhori,5,2025-12-07 05:13:01,slalu sukses
Dirham Dir,5,2025-12-07 04:39:12,ok
fika rahmadewi,5,2025-12-07 04:36:48,ok
Armilda Sartika,5,2025-12-07 04:31:40,sangattt bagusss
Satria Sudrajat,5,2025-12-07 04:04:54,sukses selalu
Rizka Fauzia,5,2025-12-07 04:03:21,mantap
Yanti Yuki,5,2025-12-07 04:00:47,sehat untuk semua
Nuraini Aini,5,2025-12-07 03:50:45,keren
Jeni Rahman,5,2025-12-07 03:39:39,kerenn bermanfaat
Najmi Firdaus,5,2025-12-07 03:31:44,mantap kereeen
Mohamad hadi Subrata,5,2025-12-07 03:29:17,sehat selalu
Amar Ghani,5,2025-12-07 03:27:55,"Aplikasi nya banyak fitur, UI nya bagus"
Trivano Lenakoly,5,2025-12-07 03:19:06,mantaap
budi pram,5,2025-12-07 03:12:55,"sudah lama donlot, memang sangat bermanfaat utk kesehatan saya"
Marda Nengsi,5,2025-12-07 03:09:34,sangat membantu kehidupan
Parmi Rosdianah,5,2025-12-07 03:05:55,mantap
Woko Rasadesha,5,2025-12-07 03:04:27,mantap pelayanannya
Fachrudin Ali,5,2025-12-07 02:59:37,bagus aplikasinya
shintia novari,5,2025-12-07 02:55:21,"bermanfaat sekali, aplikasi berjalan baik"
Omega comet,5,2025-12-07 02:54:49,lumayan
telly verawati,5,2025-12-07 02:51:11,ok banget
Babe Echa,5,2025-12-06 20:24:20,Sudah banyak kemajuan di aplikasi ini dan terus dipertahankan serta dikembangkan lebih lanjut agar lebih menarik
Aji Azhari,3,2025-12-06 12:41:04,"Tidak bisa log in, pin tidak valid padahal udah diganti dg yg baru ttep tidak valid"
Rizal Abdulghani,1,2025-12-06 11:12:17,"aplikasi rusak, udah bikin akun trs pas masuk malah tidak valid padahal udah jelas banget pin bener rusak rusak"
Yoseph Aprilian Bintang Wijaya,1,2025-12-06 11:07:40,"Aplikasinya di cari gak ada di menu aplikasi di hp kayak hantu dan suka berjalan sendiri di belakang layar kayak mata-mata, harus ceknya lewat setingan langsung aplikasi manajer baru ketemu dan sekarang saya uninstal karena udah gak jelas aplikasinya dan membahayakan privasi menurut saya."
sartika utami,1,2025-12-06 11:06:13,"CKG udah sebulan lebih, hasilnya blm muncul jg d aplikasi. kayak gak guna bgt"
Nur Amanah,1,2025-12-05 14:56:35,"dulu akun saya daftar, skrng login malah jadi nama mamak saya aja, dulu data semua anggota masuk, sekarang cuman data mamak saya, jelas-jelas juga saya yg daftar, aneh banget diupdate bukannya malah bagus malah makin jelek"
Nur Ismi,1,2025-12-05 04:31:30,kok tidak bisa dibuka sih. ini sudah di lupakan kah??? kalo mau update jangan lupa akunnya di sinkron dengan mobile jkn. kan satu email satu ayok jlcoba dihubungkan sebatas web atau mengarah ke satu sehat boleh. INI APLIKASINYA TIDAK BSA D BUKA. POPUP APLIKASI TERHENTI.
Marno Kamso Toyadi,1,2025-12-04 15:09:58,setelah diupdate. setiap dibuka force close. padahal audah sudah instal ulang.
Dina Olifia,5,2025-12-04 15:05:39,awesome
sam hadi,2,2025-12-04 12:33:09,"bagaimana cara login dengan beda no hp tp masih email yang sama?sudah di coba berkali2 login dengan email tetap tidak bisa masuk,mohon bantuannya"
Aden Bhodrex,1,2025-12-04 08:20:38,"niat bikin aplikasi ga sih, ngirim kode verif aja lama nya minta ampun"
Asep Somarih,1,2025-12-04 04:48:05,PIN sudah benar tapi permintaan anda tidak valid. Maksudnya apa setelah diupdate kok jadi error apknya
Tania Rina,1,2025-12-04 01:40:45,tgl yg dipilih tnyta puskemasnya gak melayanin cek kesehatan mau reschedule malah ga bsa.
Paseli Patrisius,1,2025-12-03 11:49:04,"Aplikasi error niih kode OTP nya benar dibilang salah, jadi bingung. Trus ganti kirim ke no wa gak bisa diklik jadi 6 kotak kode OTPnya gak bisa diisi"
riska sari,1,2025-12-03 09:58:11,"sulit untuk masuk ke aplikasi,,,"
Mama Kamu,1,2025-12-03 06:22:00,"Saya tidak merasa mendaftarkan diri saya untuk Ngecheck kesehatan saya, dan tepat hari ini 03/12/2025 pagi menjelang siang saya mendapatkan pesan dari kemenkes bahwa saya akan di check dihari ini, padahal saya tidak mendaftar sama sekali, kemudian saya download aplikasi satusehat, dan Ngecheck tiket dan disitu tidak ada tiketnya, kemudian saya mengecheck di hasil pemeriksaan ada hasilnya, padahal belum ada ke puskesmas yang ditujui di hasil tersebut, kenapa bisa kesehatan saya sudah ter check?"
Ardiiiy,1,2025-12-03 04:04:17,pin udah bener gabisa masuk
Hasbi Hizbullah,1,2025-12-03 03:11:09,"mau cek tiket pemeriksaan, pas verifikasi data diri malah gk bisa milih jenjang kelas, giliran bisa malah asal sekolah nya yang gk bisa dipilih"
Angga Gumilar,1,2025-12-02 21:34:50,"parah abis,, gagal login terus.. dibilangnya permintaan kami gak valid,, padahal aplikasinya yang gak jelas.. kocak.."
Ardie Acho,1,2025-12-02 14:57:38,"sumpah Ini Aplikasi pemerintah, Jelek nya minta Ampun Susah bgt Di akses ribet rumit, Ini aplikasi Untuk warga tapi kenapa butut bgt bgini sih, Ngisi data aja ribet banget. harus masukin semua satu persatu data keluarga GK ada sinkronisasi dari satu Nik untuk ngebaca data keluarga... ampun dahh mending GK usah bikinÂ² aplikasi Ribet bgini gagal Total ini saya di arahkan puskesmas untuk ambil sertifikat imunisasi anak di aplikasi ini. kesel nya ke ubunÂ²"
MHD Yunus,5,2025-12-02 14:53:08,tolong kasih yang terbaik ya bang
Ande Irawan,5,2025-12-02 13:06:01,sangat membantu trima kasih ğŸ™ğŸ™ğŸ™
Enoox,1,2025-12-02 02:57:42,"parah, daftar otomatis shoot KTP, jadi nya malah beda"
Ashari PutraMbarep,2,2025-12-02 02:16:20,setelah install ulang kenapa tdk bisa masuk... - udah reset PIN tetep TDK bisa masuk... - lewai IKD jg TDK bisa masuk
Mahdiyyah,2,2025-12-02 00:17:44,"aplikasinya ngga works. dikasih pin yang benar ngga nampilin page berikutnya. lagian dikasih pin yang salah ngerespon ""PIN BELUM SESUAI"""
Widy Qurniasari,2,2025-12-01 20:44:20,"Aplikasi aneh..sudah masukkan psw bener masih salah aja, masukkan no HP tidak valid. malas nerusin.."
Luthfi Frans Setiawan,1,2025-12-01 16:14:48,"Kode OTP muncul tapi gaada tempat buat ngetik kodenya di Tampilan layar, Gajelas bgt"
Hanif Society,2,2025-12-01 11:24:34,"Apk sedang bermasalah, tidak bisa di akses 1 Des 2025. 6 bulan lalu masih oke aja tapi sekarang parahhh"
Nun Gesang,5,2025-12-01 08:11:29,sangat baik
Gaza Yuhuyarsy,4,2025-12-01 06:51:21,kenapa sertifikat vaksin saya gabisa diunduh ya?
Subham Taha,3,2025-12-01 05:30:42,aplikasinya sangat bagus
babang kejo,1,2025-12-01 01:57:18,aplkasi pemerintah aneh terus gapernah ada yg bagus
Ade Putra,1,2025-11-30 14:13:14,mau masuk aja susah
Sri Eci,1,2025-11-30 12:45:41,"susah masuknya,, minta pin berkali2 selalu bilang tidak valid,, sampe ganti pin juga sama tidak valid terus"
FERI SETYA PAMUJI,1,2025-11-30 11:49:13,"tolong diperbaiki masa mau login aja susah bngt, sudah 15 kali coba belum bisa juga. padahal kode verifikasi sudah masuk email. payahhhhhh"
Windy Aprianti,1,2025-11-30 10:29:37,aplikasinya ga bisa dibuka pas masukin pin stuck terus disitu
Ismail,1,2025-11-29 14:22:42,"aneh hari ini tanggal 29 november 2025 ada washapp dari kemenkes RI,bahwa anak saya melakukan pemeriksaan di Tebet. padahal anak saya sedang sama saya,dan tidak melakukan pemeriksaan,tiba tiba terdaftar dan melakukan pemeriksaan. apakah ada yang coba input data lewat bpjs kesehatan anak saya?"
Rindu Senja,1,2025-11-29 13:04:22,parah nggak bisa dibuka kode verifikasi yang dikirim begitu dimasukkan nggak valid
Yanto Nuryanto,1,2025-11-29 11:15:13,aplikasi tidak sehat
Pardi (Tipez),4,2025-11-29 10:08:15,"Kenapa Data tidak tersinkron otomatis dengan BPJS Kesehatan.? Padahal NIK, Alamat, No Telepon, Email sudah sama."
Sri Wariyatun,1,2025-11-29 09:57:31,"aplikasi agak aneh, booking skrining gratis tetapi pas hari H lupa hadir.. dan di menu hasil skrining malah keluar data kesehatannya... dan ada resumenya saya, pertanyaannya itu resume siapa yg isi? ngasal gitu? jelas jelas saya gak datang ke faskesnya dan mungkin gak valid hasilnya itu ngasal.. hmm kok gitu yaa padahal menyakut data kesehatan seseorang, semoga lebih hati-hati dan teliti."
Limited Edition,1,2025-11-29 09:45:19,aplikasi bermasalah tidak bisa login
Edy Jatmiko,1,2025-11-29 09:44:34,"aplikasi gak jelas, input data pilihan kota sesuai alamat kok tidak ada. di Bali kabupaten kota nya termasuk Denpasar tapi gak ada di pilihan, trus gimana bisa input data???"
Arief Kurniawan,4,2025-11-29 08:36:09,Lumayan berfungsi tuk kesehatan
SEPTIYAN ADITAMA PUTRA,1,2025-11-29 03:41:44,aneh nggak bisa login udah reset pin masih belum bisa juga
Baiq Rahmi Fatma Sumayanti,1,2025-11-29 02:29:48,"Hasil cek kesehatan dikirim tapi ribet, jadinya tidak ada hasil karena mau dibuka bertele tele ."
Ika Rosita,2,2025-11-29 01:00:58,"mau masuk aplikasi ga bisa""knpa ya"
Abu Angling Darma,1,2025-11-28 13:32:11,Apk sampah. Ini pengaduan nya gmna. Sedangkan waktu daftar pake nomer Hp sedangkan Nomer hpnya sudah nggk aktif lagi. Di lupa akun tetep aja verifikasi otp ke nomer hp. Call centernya juga nggk ada !
Ridho Now,1,2025-11-28 10:39:10,"aplikasi sampah masak data vaksin booster 1 dan 2 nggak ada, padahal udah pernah vaksin booster"
rizky nursandy,1,2025-11-28 09:23:06,gabisa login aneh
Yogi Esa Surya,1,2025-11-28 08:45:59,sudah di kirim kode otp tapi kolom untuk input kode otp gak muncul anehğŸ˜­ mau dipake apa kode otpnya??
Hn seung,1,2025-11-28 03:00:49,"Tidak bisa log in, dan verifikasi tidak valid terus"
Sri Rahayu,5,2025-11-27 21:22:56,bagus sangat membantu sekali dlm menjaga hidup sehat d hari tua
Ugi Purwanti,5,2025-11-27 13:39:36,kereen
WiDi ARieS,4,2025-11-27 12:14:22,"terlalu lama Apk nya, Utk verifikasi nya juga tidak jelas.. Tolong Apk nya di bagus kan & di permudah lagi & tidak lemot"
Eddie Kurnia,5,2025-11-27 11:04:47,sangat membantu
Hey Marsella,1,2025-11-27 09:35:34,"capet bgt pake aplikasi ini, sebelumnya bisa di pake setelah di update ga bisa dipake, masuk melalui email atau no. hp yg terdaftar tetap tidak bisa. Tolong tim pengembang aplikasi ini, yuk bisa yuk buat aplikasi yg lebih mudah untuk login"
karunia agung,5,2025-11-27 09:06:36,bagus
Jayadih Hidayatulloh,5,2025-11-27 05:57:24,"sangat membantu masyarakat, Semora sukses"
uskar yulinanto,1,2025-11-27 05:19:05,mau login kok gagal terus udah pake cara login ikd juga gagal pake no telp gagal pake email gagal
Ari Christiawan,1,2025-11-27 04:44:30,bagaimana bisa saya tidak daftar pakai nomor saya bisa tercantum nama orang lain dinomor wa saya... aplikasi pemerintah gad yang bener....dana buat aplikasi ratusan juta anggarannya tapi kualitas kaya aplikasi anak2 yang belajar coding... buang2 uang hanya demi keliatan kerja...
Ratih Dwi wahyuni,5,2025-11-27 03:39:13,"alhamdulillah saya sangat apresiasi adanya program cek kesehatan gratis,sangat bermanfaat buat semua warga indonesia..untuk pelayanan di puskes duser juga top markotop sangat""ramah dr mulai pendaftaran,lab,doker,dan perawatnya baik""semua..smoga makin sukses unk puskesmas duren seribuğŸ‘ğŸ‘ğŸ‘ğŸ‘ğŸ‘ğŸ‘ğŸ¥°ğŸ¥°ğŸ¥°ğŸ¥°"
Fauzi Syeban Atamimi,5,2025-11-27 02:15:07,ok
Rahmad Suryawan,5,2025-11-27 01:17:19,good
Im Nagato,1,2025-11-27 01:12:29,"hadehhhhhh, aplikasi buruk gini masih aja dipake, pemrogramer magang disuruh bikin apk ya gini mines semua, dri dlu udah eror sekarang makin eror aja hadehhhhhh"
Alexandro Alvin,1,2025-11-27 00:44:10,ngebug aplikasi ini
Atiqoh Zfadillah,5,2025-11-27 00:24:15,bagusâ¤
Muhammad Yusuf,5,2025-11-26 22:18:05,bagus
Riko ryan,1,2025-11-26 07:08:29,gak bisa di download
SUPRI YANTO,5,2025-11-26 02:56:48,mohon dipermudah untuk membuka aplikasi satu sehat
Wiraji sutria,1,2025-11-26 02:43:15,"Ya kita update dulu jadi bintang 1, tolong untuk bagian tambah profil, lalu alamat domisili pilihan provisinsinya ndak bisa di akses, tolong segera dibenahi"
Myu Selvan,1,2025-11-25 23:52:57,"SEPERTI NYA PERMINTAAN ANDA TIDAK VALID, YANG PUNYA APLIKASI BENERIN LAGI DONG , BUKAN NYA MAKIN BAGUS, INI MALAH MAKIN BIKIN EROR"
Abdi Tri,1,2025-11-25 22:42:05,kenapa tidak bisa diunduh sertifikat vaksinasi 1 dan 2 sebelumnya juga bisa ini kok tidak bisa
Lagu Pilihan,1,2025-11-25 22:12:54,Gimana caranya masuk kalau ingat kata sandi malah disuruh ganti sandi karena alasan sandi sudah usang/suruh ganti sandi baru dan sedangkan nomer HP sudah ganti gimana cara dapet kode verifikasinya kalau nomor HP saja sudah diganti ?
Fahrul Rozi,1,2025-11-25 07:53:46,kurang puas dengan aplikasi ini hanya stak di pengisian pin
erick deriza,3,2025-11-25 07:41:26,"hasil CKG belum keluar hampir sebulan. buka applikasinya tapi selalu forced close, ga bisa dibuka. ini maksudnya gmn ya?"
Titi Sumarti,1,2025-11-25 06:44:06,"Aplikasinya ga banget dah. Kemenkes bisa ga hire org IT yg kompeten?? anggarannya dipake buat bayar yg jago. aplikasi sering error. minta email, dikasih email bilangnya salah no. apaan sih kalian ini????"
Ruldy Febriarsa,1,2025-11-25 06:16:05,"Susah Loginnya, suruh hubungi helpdesk tapi bikin bingung dialihkan link lain lagi"
Bagus Nanda Julieka Putra,1,2025-11-25 05:15:36,aplikasi bodoh tidak guna sulit login
edi suranta sinuraya,5,2025-11-25 04:30:22,sangat membantu dan informatif..semoga ditingkatkan dalam pelayanan publik untuk kemajuan bangsa dan negara kita
taufik fajril,1,2025-11-25 02:59:26,aplikasi BUSUK. SISTEM SAKIT
Cholid AR,1,2025-11-25 02:09:45,"saya masukin pin tidak bisa, ganti pin tetap tidak bisa. tolong benerin dulu baru launching update"
Redi Setiawan,5,2025-11-25 00:34:24,sangat bermanfaat dan membantu
hellomyname fluffyyy,1,2025-11-24 05:17:46,"udah pernah daftar dan mau login lgi tpi lupa password, trs mnta kode melalui email atau no hp, udh dimasukkan kodenya malah gak valid dan juga udah nyoba masuk pake identitas kependudukan dsana katanya belum masuk tapi malah nge stuck di pilih tema, harap diperbaiki lagi apk nya..."
New Oura Gaming,1,2025-11-24 03:18:39,"udh suntik vaksin tapi status belum vaksin, blokkkk"
Aprel Bkrc,1,2025-11-23 13:32:31,ngk bisa buka menu ....muter muter terus ngk jelas ini aplikasi masih bisa apa ngk ..
Dedy Prasetyo,2,2025-11-23 13:30:12,"Ketika tambah anggota profil, tidak bisa mengklik jenjang sekolah. tolong diperbaiki lebih baik lagi. karena mencoba terus tidak berhasil, gagal terus"
Interventional Radiographer,1,2025-11-23 12:39:49,"Produk gagal, stuck di suruh pilih tema. apa sih pentingnya tema hadeh"
David Chrisnanto,2,2025-11-23 12:17:11,aplikasi bobrok. disuruh masukin OTP salah mulu tidak valid padahal nomor OTP nya udah bener. jadinya gk bisa log in
Suprianto,1,2025-11-22 18:57:25,"resume medisnya nggak update, untuk verifikasi juga susahnya minta ampun, beberapa faskes malah nggak tau apa itu KYC satu sehat"
Nasha Nidun,5,2025-11-22 15:54:33,good
Bagus Tri,1,2025-11-22 14:31:30,aneh
Delsy Salsiah,5,2025-11-22 13:30:54,terima kasih SATUSEHAT Mobile
Silvie O,2,2025-11-22 02:06:26,"Verifikasi akun harus datang ke faskes, sungguh sangat praktis"
Kiwi's Wifey,1,2025-11-22 01:50:28,pin benar tapi tetap tidak bisa masuk akun satu sehat
surya bowo,1,2025-11-21 18:34:58,aneh bangt ya nih aplikasi sandi ny udah bener malah invalid MuluğŸ˜­
Sigit Sujatmoko,1,2025-11-21 14:46:24,"aplikasi apaan sih, tidak bisa masuk, pin sandi tidak bisa digunakan"
Fauzan Haris Wiarso,1,2025-11-21 14:06:19,"gabisa buat login ikd, info salah mulu pdhl uda bener, programmernya gajinya berapa sih?"
Asobiah Biah,1,2025-11-21 13:34:37,"hai kak, ini aplikasi nya kok tiap buka gk bisa terus salah pin mulu, pin nya itu pin apa ya"
Evan Yovianus,1,2025-11-21 13:08:23,"in aplikasi nya gimana sih sudah pembaharuan kok sekali masuk salah dan tidk terdaftar katanya maksdnya apa??? tolong deh yg bener"" dikit klo kerja... masa ia aplikasi yg jaga data warga negaranya seburuk ini, masak kalah sama apl mobil legend"
Abdul Kahar Wijaya,1,2025-11-21 11:19:11,"sertifikat vaksinku gabisa kebuka ataupun kedownload, padahal udah laporan lewat email. jadi susah mau daftar kerja, Kebanyakan harus pake sertifikat :("
Doctor Heart (Ryzant),2,2025-11-21 03:09:07,aneh bolak balik isi data setelah verifikasi tidak valid..
Putu Aris Widyastana,1,2025-11-21 02:48:11,"Bisa kan, setelah pembaharuan tidak perlu login ulang."
nining mukhlisah,1,2025-11-21 01:46:41,"aplikasi gak jelas, login udah bener semua udh bener permintaan tidak valid terus"
iwan doank,3,2025-11-21 01:34:34,udah sebulan lebih ckg tapi hasilnya blm masuk di aplikasi hadeuuhhh lelet bgt
Sita Miftakhurohmah,1,2025-11-20 14:56:37,menu ckg nua nggak muncul
Susi Anni,1,2025-11-20 06:44:27,"bapuk banget aplikasinya, mau ubah sandi aja yg muncul ""terjadi gangguan. silahkan hubungi helpdesk""ğŸ˜’"
Novie Muhamad Andriyanto,3,2025-11-20 03:37:44,Tidak mau masuk dong tolong padahal udah keluar nomor untuk cek kesehatan
Martinus Novandi,2,2025-11-20 03:25:18,"pengisian identitas, tidak bisa di simpan, tolong di perbaiki"
MISPUAN FAMILY,1,2025-11-20 00:13:55,"setelah update tidak bisa login lagi, sudah coba ganti pin tetap error gimana ini? tolong segera perbaiki!"
Siska Melinda,1,2025-11-19 22:59:31,"udah coba daftar lewat aplikasi tapi puskesmas katanya belum tau ada program ini,belum bisa CKG karena ga ada alat alatnya,udah aduan langsung ke pelayanan cepat, tapi telponnya main dimatiin gitu aja padahal ga kedenger CS ngomong apa"
Heru Setiawan,1,2025-11-19 22:50:53,"aplikasi busuk, kalo bukan karena butuh ogah download."
Rudiyanti Vida,5,2025-11-19 22:33:47,excellence aplikasi ğŸ‘ğŸ‘
Siti Nurlela,1,2025-11-19 11:37:23,gabisa dibuka lol. !!! pin2 gak jelas mempersulit
Linuriati Khomsatin,4,2025-11-19 11:36:15,bagi saya lebih bagus yang dulu ğŸ˜‘
V.Isnaya Muslimah,1,2025-11-19 11:21:04,"setelah diupdate aplikasi bukan tambah baik malah tambah lemot, untuk masuk dan memilih tema saja tidak bisa padahal sudah berulang kali dicoba, next sebelum update apk dipersiapkan dulu agar tidak mempersulit pengguna"
Ahmad Sanusi,5,2025-11-19 11:03:51,aplikasi Satu Sehat Mobil sangat membantu untuk mengontrol kesehatan tubuh kita
Yoon Ha Rin,1,2025-11-19 09:54:32,akun saya tidak bisa masuk
MOH. RIFA'I AHMAD,5,2025-11-19 09:50:43,ok
ninik dwi andriani,5,2025-11-19 09:20:53,"mudah mudahan dengan aplikasi SATUSEHAT ini semua kegiatan dipermudah, semakin canggih buat SATUSEHAT mobile."
Noval Verdian,5,2025-11-19 08:03:29,good
Miftahul Huda,1,2025-11-19 07:45:41,salah isi skrining mandiri tpi gk bisa di ubah aneh bgt seharusnya mah bisa di ubah. apk jelek bgt lagi
Andik H.,1,2025-11-19 07:41:44,saya belum CEK KESEHATAN GRATIS (Program kerja presiden Prabowo dan wakil presiden Gibran). tapi mengapa di aplikaai SATUSEHAT Mobile sudah ada Rapor hasil CEK KESEHATAN GRATIS??? siapa yang melakukannya? saya belum mendatangi ke fasilitas kesehatan untuk CKG tersebut kok
wimahardi dodo,3,2025-11-19 07:14:38,tolong lebih stabil aplikasinya buat nambah personal aja susah udah masukin ga ada update nya
Ghaalya Z Maghfira,1,2025-11-19 05:59:50,"ini aplikasi kenapa sih? saya daftar pake no telp, eh pas login pake telepon malah ga bisa, malah masuk pake e-mail. giliran saya login, suruh masukin pin, lah pin-nya aja blm dibuat masa udah disuruh masukin pin? saya pencet buat pin ulang, pas udah masukin kode verif malah gangguan mulu. saya udah kirim verifikasi ke e-mail sampe 8 kali lho. tolong diperbaiki ya ğŸ«©"
Tiffany Hardiani,1,2025-11-19 05:22:59,"program ngawur, dtg ke tempat malah mahasiswanya yg di cek, di suruh ksana buat formalitas aja, buang2 waktu"
Achmad Bardani Ginaryo,5,2025-11-19 04:13:06,"November, N- nya apa? NOH APLIKASI LU TUH ERROR. Tolong dong aplikasinya pemerentah urusin. aplikasi kesehatan publik gini ada error-errornya, errornya parah banget lagi bukan ""bug"" tapi nge-crash njiiiieer. Update notes lu gaul, tapi update aplikasi lu ampas. November, N- nya apa? NGLEMBUR LAGI SANA PERBAIKI APLIKASINYA"
Sari Narulita,1,2025-11-19 03:20:00,pengisian data kecamatan PONDOK GEDE tidak ada dalam pilihan. mohon perbaiki segera
Zulfa Habibinur,1,2025-11-19 02:32:01,habis update malah gak bisa login terus malah dibilang salah password
Rahmat Efendi,1,2025-11-18 23:27:52,masuk aplikasi susah. mending aku hapus aja
ramzy badowi,2,2025-11-18 21:53:38,"semakin di update,cuma ganti logo aja tp sekarang jd g bisa login..semua cara udah di tempuh,tetep aja g bisa login...kok kayak app abal2,sama sekali g ada perbaikan"
Sapa Hati,5,2025-11-18 21:12:36,Aplikasi Yang Sangat Bagus Untuk Kesehatan.
Sugi Harto,5,2025-11-18 18:09:28,sangat baik sekali
Ratna Af,1,2025-11-18 16:56:14,Aplikasi yang aneh. Kode dikirim ke WA tapi pas diinput katanya tidak valid. Dicoba beberapa kali sama saja dengan kode yang berbeda. Programmernya ngaco. Suruh benerin dulu aplikasinya baru launching
Hetti Saota,1,2025-11-18 15:36:46,AGAK LAIN WOIIII PERBAIKIII
lazzaro simanjuntak,5,2025-11-18 12:28:52,"semoga makin merakyat, Rakyat sehat seutuhnya, Pelayanan diatas terbaik."
Rizky Ananda,1,2025-11-18 12:01:40,gak bisa login
Reinaya,1,2025-11-18 09:04:36,tiket ckg emang gabisa di unduh gitu ya?? selalu ada pop up izinkan aplikasi mengakses galeri padahal semua izin sudah di acc
Dady O a.k.a Oktavianus,1,2025-11-18 08:49:48,"Sudah di update, g bs login..bolak balik gnt pin sama aja"
indra_salakory,1,2025-11-18 07:47:22,tidak bisa loggin menggunakan nomor handphone atau email sudah reset password berulang kalipun tetap tidak bisa loggin
Wiwin Sudarta,5,2025-11-18 07:23:12,ndak bisa login ke aplikasi
Purba Lingga,2,2025-11-18 07:06:36,"saya lupa Email dulu ,waktu di peduli lindung dan nomer hp juga dah ganti. sekarang saya download satu sehat saya daftar pake no hp dan Email baru tidak bisa bisa. bgmn biar bisa daftar ulang atau log in."
Ripztronaut,1,2025-11-18 03:59:16,aplikasi tolol gabisa login padahal pin udah bener
Kustiyadi,1,2025-11-18 03:41:45,aplikasi parah mau login kagak bisa
Raij (RJ),5,2025-11-18 03:10:55,Sudah Bisa Login dengan IKD setelah update dan clear data aplikasi
Dona Dona,1,2025-11-18 03:04:33,udah Dateng ke puskesmas gak bisa diterima dengan alasan harus daftar di aplikasi sebelah
GANTI TUA,5,2025-11-18 02:43:34,Verry good
J.A Pinaria,1,2025-11-18 01:29:49,"Setelah update, menu beranda hilang. apa hasil pembaharuan nya menghilangkan tampilan beranda?"
Bayu Aprilananda Sujatmoko,1,2025-11-17 15:45:21,"Setelah di update malah gak bisa login, pin salah terus"
Arief Widodo,3,2025-11-17 07:29:10,"diupdate malah tidak bisa login, tidak bisa reset pin juga, maksudnya apa? moga segera diperbaiki"
M. Firman Wibowo,5,2025-11-17 04:18:15,mantul
Cek Hp,1,2025-11-16 15:22:36,"apk busuk.. isi biodata malah ada kolom yg ga bisa di klik, sedangkan kolom itu wajib di isi.. gimana mau selesaikan isi biodata nya.. hadeehhhh....."
Mustafa Samsung,5,2025-11-16 05:32:44,gud
Cholik Dwi,1,2025-11-16 01:47:13,g bisa daftar
Arya Putra,1,2025-11-15 12:32:06,semenjak tampilan baru malah ga bisa login ..
Ihsan. Ns,1,2025-11-15 00:45:23,yg terbaru ini nga bisa login.. lupa pin juga nga bisa.. lupa akun juga nga bisa.. jdi harus bagaimana ini min..
fatma sari,2,2025-11-14 16:07:46,kenapa sertifikat vaksin ga muncul yah.tolong perbaiki lagi
Xpro91,1,2025-11-14 11:34:37,maksa digitalisasi tapi performa appsnya busuk
Neni Ndn,2,2025-11-14 10:17:15,"padahal Nik tgl lahir di KTP sama KK Sama,,,, tp Kenapa pas daftar tidakbisa krn respon di apk ini tanggal lahir sama nik berbeda ,tolong respon nya .."
Yaditsa,1,2025-11-14 06:57:00,Gak bisa login min
Edi Suhendi,2,2025-11-13 11:44:30,"nunggu login nya kelamaan, aplikasi pemerintah ko begini.masa nunggu login 5 menit g bisa2.akhirnya kluar aja"
Ahmad Harun,5,2025-11-13 11:33:47,aplikasi ini sangat membantu untuk menambah pengalaman tentang kesehatan trimakasih
gatha haris widodo,1,2025-11-13 11:05:34,"Tidak Bisa Login setelah update, padhal sudah reset lupa pin pake 2 email tetep ga biaa login , minta follow up nya , mohon"
Aditya Wardana Prasetya Putra,1,2025-11-13 08:41:38,"halo ini kenapa ya, Saya Masukkan kode verifikasi tidak terus? aneh sekali."
Ferdi Jum,3,2025-11-13 04:24:48,di profil pemilihan jenjang gak bisa di isi min .. tolong perbaiki ..
Virnda Lina,5,2025-11-12 17:01:55,Bagus
Qowi Handiko,1,2025-11-12 12:16:16,Email aduan direspon tapi keluhan terkait perbedaan NIK pada aplikasi masih salah dan tidak pernah dibetulkan. Layanan sangat buruk- capek mengadu
Wisnu wahyu saputera,1,2025-11-12 11:39:49,gak bisa login
Unknown Name,1,2025-11-12 10:06:54,"ada cek kesehatan gratis, udah daftar, pas dtg ke puskesmas malah ga ada"
Gerald Yoyz,1,2025-11-12 05:25:52,"aplikasi konyol gak logis udah tau nomer hp yg dulu dah ilang trs hrus verifikasi pke nomer yg dulu?? lawak,udah tau lupa akun gk ada logika nya ini aplikasi"
Fahmi Khairudin,1,2025-11-12 01:48:59,"benerin dong dev, verifikasi via IKD stuck loading terus"
Resep Tanggal tua,2,2025-11-12 01:45:06,halo kak saya ada kendala dlu sdh pernah dftr pakai nomer dan email lama nomer hp terdaftar hangus...tdk bs akses sdgkan email tdk bs dibuka..krna harus verif ke no hp yg hangus mw dftr ulang satu sehat..sdh trdftr mhn solusi..sdh email ndak ad respon dtggu kak
Valbush Aprillio,5,2025-11-11 13:17:43,Aplikasinya makin downgrade aja.. Di download di klik setuju abis itu gak ada fitur lg gak bs di scrol lg.. Udh byk yg vaksin hrs nya makin di upgrade makin bagus ini malah makin downgrade.. Gak pantes di ksh bintang ini mah..
MSH Ã†L,5,2025-11-11 11:51:34,terimakasih masalah telah terselesaikan sudah kembali normal maaf
Satria,3,2025-11-11 10:39:00,apakah bisa untuk mengecek surat vaksin?
Rachmat GobeL,1,2025-11-11 08:48:42,"Ampunn sama sekali ga bisa log in....udah berbagai cara di coba, ganti email, ganti nomor, hapus aplikasi download ulang..masih ga bisa log in"
Fransisca Halim,5,2025-11-11 04:09:09,aplikasinya bagus Menolong Utk mengingatkan Kita Pemeriksaan. good Tks.
Christian Hadinata,1,2025-11-11 01:17:18,"Sejak update yang terakhir, tidak bisa login sama sekali. Mau login lewat nomor HP selalu dibilang salah password, tapi gabisa ganti password. Mau login lewat IKD, gabisa login juga."
ayla,1,2025-11-10 13:18:33,"apk sering error, bikin bete"
Oppo Jiayoo,1,2025-11-10 11:32:15,Kenpa saya tidak bisa download
Ezra Simanjuntak,1,2025-11-10 10:31:24,Selalu gagal verifikasi melalui IKD.
Bocah Nganjuk,1,2025-11-10 10:23:17,mau login susah dan sulit ganti akun
Jumlia Kadir,5,2025-11-10 06:39:34,aplikasi yg sangat bermanfaat
Erwin Ardiansyah,1,2025-11-10 06:21:52,UI nya bagus UX nya nggak jelas ğŸ—¿
Felix A,5,2025-11-10 05:58:49,Mantab
Ilham Bagus Satrio,1,2025-11-09 22:57:35,apk ngga jelas pengen login malah error melulu kalau ngga niat bikin apk ngga usah di buat
Ammar Tri Saputra,1,2025-11-09 14:28:11,disuruh download krn diwajibkan
y pribadi,2,2025-11-09 13:08:29,susah verifikasi
Ari Firmansyah,5,2025-11-09 12:03:48,"Aplikasi nya sangat membantu, dan alhamdulilah bisa cek kesehatan secara gratis di UPT Puskesmas sesuai domisili"
Maloy Coyy,1,2025-11-09 11:17:01,"mau daftar antrian ajah kaga bisa"" bikin aplikasi kaya kaga niat. bikinan pemerintah tapi kaya anak tk. mau daftar malah diarahin ke ganti jadwal mending hapus ajah aplikasi kaga guna"
etty etty,5,2025-11-09 10:37:28,sangat bagus dan penting info kesehatan
Safrudin Suhardja,4,2025-11-09 10:13:55,"Aplikasi ini sangat bermanfaat karena menghubungkan layanan kesehatan, imunisasi, hasil laboratorium, rekam medis, serta data vaksinasi dalam satu sistem terpadu. Namunharus terus dibenahi : 1. Menambah fitur pengingat imunisasi dan kontrol penyakit kronik (hipertensi, diabetes, dll). 2. Menyediakan menu konsultasi digital singkat dengan tenaga kesehatan terverifikasi. 3. Memperbaiki sinkronisasi data otomatis antar-fasilitas kesehatan dan laboratorium"
Adellio Wicaksono,5,2025-11-09 08:05:24,sangat membantu
sudiarto abc,5,2025-11-09 06:47:58,saat ini aplikasinya tidak bisa diakses.
aisha chantiq 4,1,2025-11-09 06:12:02,"busuk ga bisa dibuka, muter di suruh pilih tema!!"
RENDI Firmansyah,5,2025-11-09 05:40:27,mantap
RambideuN,2,2025-11-09 05:27:46,"tolong untuk ubah no hp jangan konfirmasi ke no hp lama,,karena no hp lama sudah tdk aktif lagi,,mohon dipertimbangkan..."
Heru Sugiyanto,1,2025-11-09 05:25:13,"bikin pusing orang, udah ngisi data bener tapi berbelitÂ²"
Yosep Rustandi,1,2025-11-09 05:12:04,mohon pencerahannya mau login ulang tapi nomor sama email-nya ngga ke pake lagi tapi kalo mau bikin ulang data yang sebelumnya masih nyangkut alhasil ngga bisağŸ™
Suryana Sryn,2,2025-11-09 04:23:46,tidak bisa verifikasi ke IKD
budi mawardi,4,2025-11-08 15:27:57,baik
Farid Farid,1,2025-11-08 15:09:08,dulu pernah daftar tapi kenapa gak bisa d buka aplikasinya
Pitreyadi Sadukh,5,2025-11-08 12:06:35,salam sehat selalu
Widi Laksamana Ramadanni,1,2025-11-08 12:05:10,tidak bisa login via email atau no ponsel... verifikasi pin salah terus...
Good Nawaitu,3,2025-11-08 11:53:38,Notifikasi tidak berdasarkan lokasi. informasi di CFD Jakarta pun masuk ke Banda Aceh.
Syahriza Nur laili,1,2025-11-08 10:06:27,"di ktp aku perempuan tp pas mau daftar malah gabisa katanya jenis kelamin tidak sesuai NIK, padahal udah bener"
erni yuliastuti,5,2025-11-08 09:58:31,Alhamdulillah...sangat membantu dalam layanan kesehatan
Sulis Tyawan,1,2025-11-08 09:53:21,"kami sudah mempunysi akun , namun kami tidak bisa masuk, paswot dan pin sudah sesuai , kemudian kami minta ubah pin dikirim code ferivikasi juga tidak bisa masuk, mohon solusinya"
Nillie Zahronna12,1,2025-11-08 08:34:42,"apk nya jelek bngt, udah daftar pake nomor sama email yg sama tetep aja ga bisa masuk, yang alasannya ini itu gajelas. dipersulit, belum tentu juga akurat itu data, lain kali kalo ga bisa dipake dibenerin dulu, nggak ngawur kek gini. mau daftar doang dipersulit."
Nur Safira,1,2025-11-08 06:43:34,aplikasi nya tidak bisa di pakai
Rabbi Ungsurni,3,2025-11-08 06:23:53,Kenapa akun email saya tidak ditemukan di aplikasi padahal di browser bisa ğŸ˜­
Ignatius Agung,1,2025-11-08 04:08:24,bug nya diperbaiki dulu gan wkwkwkw
citra manggraini,2,2025-11-08 02:42:45,"hmmm yg di apk tdk sesuai kenyataan. di apk bisa pilih tgl, di kenyataan trnyt gabisa. tau gt hrsnya dikasih tau/info kalau jadwal tdk selalu tersedia di semua hari. kalau udh ijin gmn weh :"""
Rina Halim,5,2025-11-08 02:16:38,Alhamdulillah bisa pelayanan bagus bisa melayani dgn baik
Fitri Ayuliani,1,2025-11-07 23:33:27,kode masuk invalid terus pdhl baru dikirim lewat wa
heriawan harun,1,2025-11-07 22:21:17,Jawa Tengah Kab Purworejo mau periksa gratis isi form tapi kecamatan Purworejo tidak ada sehingga tidak bisa...mhn diperbaiki
Bambang Oetomo,5,2025-11-07 15:13:18,sangat baik dan membantu mengetahui kondisi kesehatan anak
Hendra Racyka,5,2025-11-07 12:05:15,Biarkan bintang yg menjelaskan pertanyaan anda.
Ucik Ningwatik,1,2025-11-07 11:57:39,tidak bisa buat login
inayah 2,1,2025-11-07 10:15:22,"gwla jelas eror mulu, gabisa masuk"
sukim 1966,5,2025-11-07 10:05:27,program yg baik untuk kesehatan masyarakat
BIMA AL DANI SYAHPUTRA,1,2025-11-07 09:27:56,"percuma ada ni aplikasi, mau login susah. giliran udh bisa login eh sertifikat vaksinya gabisa di download"
m8z blazt,1,2025-11-07 06:40:23,"nama SATUSEHAT tapi Layanannya BANYAK SAKIT atau KOMPLIKASI akibat SALAH URUS. Nomor ponsel sudah terdaftar malah disuruh ganti, karena Penyedia Layanan TIDAK Paham soal Verifikasi Data yg seharusnya sudah TERINTEGRASI dlm layanan !!!"
"Hi, Habibi",5,2025-11-07 03:22:39,"praktis, cepat.. hasil MCU langsung masuk ke SatuSehat Mobile, bisa liat langsung hasilnya."
Yoraditya,1,2025-11-07 01:24:25,eror nggak bisa login
Bemmen Rajagukguk,1,2025-11-07 00:14:25,sudah akses tspi susah online
Nayla Ahmad,1,2025-11-06 23:48:41,"buruk banget, aku mau daftar padahal cuma scan foto KTP susah bangettt. mau bikin syarat pekerjaan malah susah gara-gara aplikasi satu sehat!"
abas laross,1,2025-11-06 22:41:00,"setelah update ga bisa login malah error,hadehhhhh"
Nadia Padila nur,1,2025-11-06 22:20:35,jelek bgt aplikasinya. setiap login masukin kode gagal terus. padahal kode udh paling sesuai angkanya. diperhatikan dong kalo bikin APK jika emang belum ready digunakan jangan di sosialisasikan. malah mempersulit.
Mar Mikir,1,2025-11-06 18:03:34,aplikasi gak jelas nik ktp saya tidak terdaftar
Husnul Muttaqin,1,2025-11-06 15:47:03,"setelah update yang terbaru, malah gak bisa login... sudah mencoba berkali-kali gagal terus sampe capek... kepada siapa ku harus mengadu?"
Darsun Dadang S,5,2025-11-06 14:14:44,baik
Andik Januar,5,2025-11-06 14:00:15,sangat baik
Kuswaji Dwipriyono,5,2025-11-06 13:19:56,baru coba2
Eva Sibarani,1,2025-11-06 11:10:41,tidak bisa login dengan berbagai cara
Eris tajudinnoor,1,2025-11-06 09:15:23,"siapa yg bikin aplikasi ini? ga bisa login, sdh puluhan kali ğŸ¤¦"
Agus Setiawan,2,2025-11-06 08:55:45,fitur verifikasi via ikd tidak berfungsi tolong perbaiki. tidak semua bisa datang ke faskes hanya untuk verifikasi.
Adly Azhar Arrasyid,3,2025-11-06 08:30:30,burik udah punya akun mau mau login tidak bisa padahal user dan pin sandinya sudah sesuai
Asy-syifa Nur Karim Chanel,5,2025-11-06 05:21:10,kesehatan sangat penting maka perlu dijaga...dgn pemeriksaan secara teratur
ADAM,1,2025-11-06 01:03:03,"apk jelek tiap update hrs login lg, udah login pun salah ganti pin ttp ga bisa login, gimana ih min, hrsnya klo update ga perlu login lg, bikin capek aja seharian utak atik ttp ga bisa login, padahal step by step sesuai instruksi tp ttp ga bisa login.Login pakai NIk jg ga bisa2 masuk..."
Marcio Sitorus,1,2025-11-05 13:05:43,"1 th lalu sdh pernah verifikasi ke faskes, skrg diminta lg verifikasi ke faskes, tetiba aplikasi eror."
saki man,5,2025-11-05 12:47:15,bagus
jojok soen,1,2025-11-05 12:08:58,"Setelah memasukkan kode verifikasi dengan benar tidak bisa dibuka dg pesan, 'sepertinya permintaan anda tidak valid'. Kalau aplikasinya gak bermutu seperti ini masa iya sudah lama tidak ada perbaikan."
Evri Yusmaf,1,2025-11-05 11:56:15,"mau hapus akun utama gak ada pilihan,dan ternyata harus ke help desk, udah aku wa dan email ga ada balasan,udah menduga kalau apk punya pemerintah pasti ribet!!! kenapa sih ga disediain hapus langsung aja,saya salah masukim data akun utama pake data anak saya lho,mau ganti pake data saya senditi kenapa dipersulit?!"
tomi koesaeri,5,2025-11-05 11:36:25,ok
Pualinggi Madika,1,2025-11-05 10:19:41,"Tidak bisa terbuka pembelajaran saya, terlalu lama loading."
Darwis Mtw,5,2025-11-05 08:46:10,ğŸ‘
Azzah Nesri,1,2025-11-05 02:51:31,error mulu tiap mau verifikasi online
N. â€œPutriâ€,1,2025-11-05 01:36:26,"ini gila banget ya, mau milih sekolah aja applikasi nya errrooooooo Mulu, nanti naik lagi ke atas pas Scroll, lalu mau nyari sekolah aja nama sekolah gua ga kedaftar, pas nekan kab. lain, pilih sekolah, lanjut milih jejang pendidikan MALAH GA BISA DI TEKAN, MANA OPSI SEKOLAHNYA ANEH SAMA SEMUA DISETIAP KAB. pls deh ya, aplikasi di urusin, mau cek kesehatan aja gini, yang ada makin sakit gua kesal banget 1 jam an ngurus kek ginian"
Nyonya Marlina,1,2025-11-04 14:46:26,saya daftar untuk besok di puskesmas tangerang . pas saya cek brusan... berubah sudah selesai di cianjur tanpa saya melakukan ckd.
Haji Ahmad,1,2025-11-04 12:01:54,kok gak bisa login mohon petunjuk
Komang Gustiantara,3,2025-11-04 11:13:50,susah sekali log in
THE Killer,5,2025-11-04 10:58:00,ka klo data diri udah terdaftar tpi email atau nomer uda lupa gimana ka loginnya?
Nikky Setiawan,1,2025-11-04 08:47:51,"ingin melakukan pemeriksaan malah di persulit yang bilang harus dari pihak sekolah dan setelah puskesmas datang ke sekolah lalu saya tunjukkan kode pemeriksaan malah di suruh nunggu lagi notifikasi dari satusehat, udah berapa Minggu gak ada kabar akhirnya saya lapor ke pusat bantuan karena saya belum jadi pemeriksaan tapi tidak kunjung dapat bantuan"
hendry setiawan,4,2025-11-04 07:52:21,Saya udah dapat OTP dari email tetapi selalu gagal untuk loggin
H4N H4N,1,2025-11-04 07:26:19,daftar gratis cek kesehatan ngk pernah bisa ini aplikasi apa lewat link web juga sama juga
Erni Tri,5,2025-11-04 03:57:40,gimana lo ini og mu cek kesehatan gak bisa dasar apk
Zubir Nahar,1,2025-11-04 02:54:14,"aplikasi Erol total,, masa sudah dimasukkan identitas yg benar,, masih salah,, tak pakai, kurang kerjaan mengunakan aplikasi eror"
mohammad soleh,5,2025-11-03 23:02:55,sehat biaya murah. sakit biaya mahal. carilah Sehat.
muspa kristalianto,5,2025-11-03 20:57:11,Pelayanan kesehatan via mobil digital sangatlah membantu dan mudah untuk di akses
indah pratiwi,4,2025-11-03 12:37:38,"aplikasi bagus , semoga fiturnya terus di upgrade"
Sariya Hafi,1,2025-11-03 11:12:46,knp jadi gini buat login ajaa errrorrrr teruuuussss mending di hapus aja klo gini terus
Na Nang,2,2025-11-03 08:27:12,"ini gimana sih kok error gak bisa di download sertifikat vaksinnya padahal lagi butuh banget, tolong dong di perbaiki, terima kasih"
Ririt Meta,5,2025-11-03 08:13:50,sayang banget sy gak bisa buka download karena hp nya tidak memadai alias tidak supportğŸ˜¥
Hypo Layanan,1,2025-11-03 06:09:34,aplikasi tidak jelas udah masukin otp dengan benar tidak bisa masuk padahal udah dicoba berkali-kali
Fava Wira,1,2025-11-03 06:04:07,aplikasi taiy
Rahma Rokhmawati,5,2025-11-03 05:05:38,"alhamdulillaah sudah bisa cek kesehatan gratis, fasilitas lumayan, staf yg kindfully, smart n energic, meskipun hasil kesehatan ada yg perlu direvisi but most of all is wonderful, terimakasih semua, barakallaah.."
mudayatna,1,2025-11-03 02:26:13,"Alhamdulillah setelah update, keluhan sama seperti rekan2. tidak bisa login,Sudah mengadu juga lewat email. Zooooonkkkkkkk Ini aplikasi bagaimana sistemnya, Jangan nyusahin masyarakat dong pak sistem. Masyarakat sudah mumet harus pake aplikasi yg itu yg ini. Tolong diperbaiki sistemnya nggeh. Matur suwun ğŸ™"
Ningdiahria Yoni sitoresmi,1,2025-11-03 02:21:24,sertifikat vaksin tidak dapat diunduh
Cahya D. Triputra,1,2025-11-02 14:21:49,"Dulu waktu masih Peduli Lindungi parah errornya, sekarang 2025 makin parah banget errornya. Login ngga bisa, daftar baru ngga bisa, lupa PIN lalu masukkan kode verifikasi juga ngga bisa, ganti kode verifikasi masih ngga bisa juga. Pilih opsi lupa akun, masih ngga bisa juga."
Matthew,1,2025-11-02 10:44:49,Gak jelas makin lama makin jelek system nya sudah pakai kode otp yang sesuai tetap tidak bisa
Agus Sarbini,5,2025-11-02 10:26:48,Mantap
Fadlan Mauludy,1,2025-11-02 08:15:58,"aplikasi aneh download sertfikat vaksin aj gabisa,di persulit gini anehhhhh"
Iis Muntini,5,2025-11-02 07:47:28,sanggat bagus selanjutnya ditingkatkan lagi pelayanannya
Faisal Ramdani,1,2025-11-02 07:45:44,"Ini gimana sih kenapa buat mau masuk aplikasi aja mentok di awal, ga masuk ke beranda, muter muter terus, padahal sinyal bagus juga, yang bener napa!"
kang jalal,5,2025-11-02 00:21:12,terima kasih sudah di vaksin 2 kali ...
Lie Stephany,1,2025-11-01 12:06:13,aplikasinya gak bisa dibuka sama sekali.. padahal sebelumnya bisa.. sdh pake password dan nomor yang sama masih tidak bisa.. gimana sih
Rio,1,2025-11-01 08:08:05,kaga bisa login
Mahyuni,5,2025-11-01 05:56:25,terima kasih
Sizuka Chan,1,2025-11-01 05:00:20,tidak bisa login aplikasi butut
yunita yanti,1,2025-11-01 02:39:33,"mau klaim birthday treat alias mcu gratis, eh aplikasi nya aja gak mau kebuka, loading terus sampe mampus, kenapa gak dipermudah dengan cukup datang ke puskesmas bawa ktp doang? kenapa harus daftar dulu di aplikasi yg login aja gak bisa, KECEWA!!"
Indy Maarif,3,2025-10-31 22:41:52,apk Ra jelas memang terlalu rendah Indonesia dalam urusan teknologi
adm semoga,5,2025-10-31 22:39:45,"nyuruh melengkapi identitas, tapi saat mengisi alamat malah ga bisa (provinsi tidak ditemukan) gitu terus. apps negara banyak bug"
wan Musa,1,2025-10-31 14:56:22,"aplikasi cuma biar di download . aplikasi gajelas bikin dongo se-Indonesia. baru jga daftar,nomor sudah pernah terdaftar katanya, pake nomor baru dicoba sama aja,sudah pernah terdaftar, payah konoha"
Agung Bagus Supradnya,5,2025-10-31 13:14:16,"Bagaimana Indonesia bisa Maju ya kl aplikasi Resmi Kesehatan NKRI error waktu login aplikasinya ribet code OTP error tdk mau dimasukkin malah disuruh ganti macem2 , Baru tapi error Boss."
Restu Aditya,1,2025-10-31 08:44:39,banyak errornya
panji Cloud,1,2025-10-31 08:04:50,"ngga bisa konek ke Identitas Kependudukan digital, menambahkan data anak pas mengisi form domisili tidak keluar rekomendasi provinsi. bingung, aplikasi mau di pakai buat apa, server nya juga lemot, ğŸ¥´"
Saiful khabib,3,2025-10-31 07:36:39,kenapa akses lokasi untuk provinsi nya tidak bisa di klik ya min
Fitry Yaningsih,1,2025-10-31 07:30:55,saya daftar tp no sudah di pkai orang
cilok ngiprit,1,2025-10-31 07:01:09,"sudah daftar, tapi pas mau buka lagi kok gak bisa dibuka.."
Mang yayi jaba Widhiartha (Mang yayi),1,2025-10-31 04:20:28,"maaf bintang satu dulu, seteleh terinstall dan mendaftar utk MCU, skrg mau buka aplikasinya tdk bisa, hanya muter2 tanpa berkesudahan"
Anastasia Dini,1,2025-10-31 02:18:06,"di Info untuk Cek Kesehatan Gratis, tapi Porse Verifikasi KTP ga Loding sistemnya.. manual Pake verifikasi Isi Data juga sama saja Banyak kolom tidak bisa di isi. akhirnya tidak Ada cek Gratis.. mau kirim Pusat Pengaduan di Menu bantuan aja Klik Kirim Ga bisa. ğŸ¤£ğŸ¤£ğŸ¤£ğŸ¤£Aplikasi nya tidak niat. Kalo belum jadi jangan di Share Publik. Pasti Biaya Pembuatan sistem sangat mahal.. tp kenapa belum jadi sudah di Run ke Publik???"
Kandar Isnanto,1,2025-10-31 00:37:52,sangat buruk aplikasi nya...sering eror sulit masuk nya
erwandi wandi,1,2025-10-30 22:32:11,error aplikasi nya baru mau daftar tp no telpon ush dipakai dan coba email tetap seperti itu
Annie Kurniati,2,2025-10-30 20:29:55,kenapa harus pilih-pilih perangkat?
Rachmad Wicaksono,3,2025-10-30 14:16:28,aplikasi masih perlu banyak pembenahan
Salsabillah,1,2025-10-30 13:38:06,"mau coba daftar cek kesehatan gratis, tapi wktu verifikasi cari provinsi tidak ditemukan. masa iya jakarta ga masuk"
Yuzuto,1,2025-10-30 13:30:10,lemot
Tamyiz 08,1,2025-10-30 12:30:03,"aplikasi kayak dajjal, verifikasi data g bisa, lalu pengisian data saat daftar cek kesehatan di kolom domisili provinsi tidak tertera nama provinsi, dan saat kirim keluhan g bisa di send. banyak bener aplikasi buatan instansi bergengsi malah tidak baik2 saja, hapus aja aplikasi ribet model gini"
Miftahud Daroini Ashshidqi,2,2025-10-30 12:24:49,tidak bisa login bang
donny taufan,5,2025-10-30 11:46:31,mantap
Heru Waskito,1,2025-10-30 05:49:21,Ga jelas blass
ANDRI IRVANSYAH,1,2025-10-30 03:45:56,"Kenapa yaaa aplikasi buatan Pemerintah pada BUSUK BUSUK Semuaa, Pdahal anggaran dari pusat ga main main nominalnya"
Agus Solihin,3,2025-10-30 03:32:32,"GA BISA MASUK APLIKASI!!! Malah Banyak Gangguan BUG nya duh gustii, semoga secepatnya di Perbaiki."
arditam tamrah,2,2025-10-29 22:30:38,masih perlu perbaikan karena saat pilih tema setelah login masuk dengan 6 digit PIN loading lama tidak bisa klik tombll pilih
RadhyanP Tamrah,2,2025-10-29 22:28:12,Tolong untuk bisa dipermudah dalam login ke akun satu sehat loading lama saat pilih tema tp tidak bisa klik tombol pilih
oka brooh,5,2025-10-29 19:04:02,siap
Andi Supriadi,1,2025-10-29 15:29:34,"setelah update, tidak bisa log in sama sekali. meskipun sudah reset passwod via no tlp dan email juga, tidak bisa memasukan kode otp 6 digit nya, gimana solusi nya link tidak ditemukan atau tidak aktif"
Asmanizar Sapomo,1,2025-10-29 13:00:22,Tidak bisa login padahal nomor ponsel sudah benar.
Muhammad Thohir Fahmi,1,2025-10-29 12:05:55,"Kadang suka penasaran sama yg bikin app pemerintah. selalu eror dan penuh bug. mgkn bener kata pak Pur, yg bikin anak lulusan setingkat SMA yg bisa dibayar murah. Penasaran sama anggaran app ini berapa, dan yg dibayarkan ke developernya brpa. kan ga mgkn app dana milyaran jadinya aplikasi mletre."
ongki andriansyah,5,2025-10-29 10:35:45,sangat membantu yang membutuhkan bagussğŸ‘ğŸ‘
Riya D,1,2025-10-29 07:44:02,pemerintah jualan aplikasi. gatau fungsinya untuk apa apps ini. mau daftar med check yg katanya gratis pun ga bisa
El Mau,1,2025-10-29 07:15:08,mohon untuk mengapus akun saya karna nik sy tidap bisa di gunakan untuk masuk satusehat sdmkğŸ™
Gina Amalia,1,2025-10-29 06:17:49,"ini gabisa login parah banget, sudah ke email dan watshaap helpdesk tetap gabisa."
Kurniawansyah,1,2025-10-29 05:15:26,verifikasi masuk gagal terus untuk otp tidak valid terus.. dicoba lagi verifikasi dari WA no tidak valid.. emang jelek semakin tidak sehat.. pakai email sama no tidak valid...
budi dick,4,2025-10-29 03:38:49,mudah penggunaannya
Fadhli Zahra N,1,2025-10-29 02:40:59,"aplikasi nya banyak bug nya , ditambah sering error"
ROBI MUHALIM,1,2025-10-29 01:47:20,diperbarui malah gak bisa loggin
irwan,1,2025-10-28 22:52:12,"susah daftar, nunggu kode verifikasi lamaaaaaa banget gak masuk email.."
Sucipta SUCIPTA,5,2025-10-28 18:50:20,Pokoknya OK
Nur Berlian,5,2025-10-28 13:25:09,info jelas
Toto Prihandoko,1,2025-10-28 11:56:14,"Setelah update knapa jadi nggak bisa masuk, cuma sampai pilih tema ngga bisa lanjut lagi"
Gabriel Sitanggang,2,2025-10-28 10:00:46,"TIDAK BISA DI AKSES, INI APLIKASI GIMANA SI? MELALUI WEB DIARAHKAN KE APLIKASI, NAMUN DI APLIKASI SELALU EROR. TOLONG SEGERA DIKONFIRMASI"
Widodo,2,2025-10-28 08:57:37,aplikasi aneh sudah update terbaru ga bisa login aneh banget ini
DWI NUR AZIZAH,1,2025-10-28 08:55:53,aplikasi ga berguna orang baru download mau daftar susah banget gimana mau CKG ğŸ˜¡ğŸ˜¡ğŸ˜¡
Rizky Ahmad,1,2025-10-28 07:10:38,"maaf aplikasi kurang jelas , data yang terdaftar pakai nomor telepon bukan data saya sendiri, kecewa dengan aplikasi ini"
bagus kurniawan,1,2025-10-28 05:44:22,ga ada kota Banjarbaru disini
tamil teu,5,2025-10-28 01:10:31,sangat puas
Sekti,1,2025-10-27 23:34:17,LOGIN SULIT BANGET KESALAHAN PADA PIN JELAS JELAS PIN YANG SAYA TERAPKAN UDAH BENAR
Yeri Rustandi,2,2025-10-27 22:08:16,petugas medis dari Puskesmas Cikupa sangat respon terhadap pasien.
ketut suteja darma putra,5,2025-10-27 20:43:46,aplikasinya mudah dan komunikatif
Dedi Kurniawan,4,2025-10-27 15:45:11,"saya baru pertama kali isntal aplikasinya tapi kok pas mau buat akun malah sudah terdaftar, mohon penjelasannya"
Wahid Suharmawan,5,2025-10-27 15:17:42,Makasih
Dwimas Andika,5,2025-10-27 12:45:19,"aplikasi yg dibuat untuk kepentingan umum dan dibiayai negara, banyak komentar bintang â­ apa hanya seperti ini saja upaya pemerintah untuk masyarakat umum!!!, kalah dengan aplikasi swasta ?"
Hiskia Sinulingga,1,2025-10-27 12:44:10,daftar pakai nomor ga bisa padahal nomor yg didaftarkan sama dengan yg sekarang
Agus Muharom,5,2025-10-27 10:46:00,keren
beny sheput,5,2025-10-27 04:03:58,membantu
Mbah Prii,1,2025-10-26 07:08:44,Aplikasi tidak efektif
Grab Driver,5,2025-10-26 01:22:11,sehat selalu untuk rakyat
Uly Red,2,2025-10-25 03:11:49,"Ngeselin, kalo gak diperbaharui gak bisa dibuka."
Wawan Motor (Bengkel mobil Wawan motor),5,2025-10-24 22:23:35,"jalani, nikmati & syukuri itulah bahagia"
Heri Kurniawan,1,2025-10-24 13:16:02,lemot sekali
Neng Safitri,4,2025-10-23 13:56:33,bgs sekali
Steven Valianto,2,2025-10-23 09:35:52,terlalu ribet termasuk login
Nazril Affan,1,2025-10-23 06:44:13,gk niat bikin apk ini banyak bug nya
Nia Works1,1,2025-10-22 22:52:56,"untuk anak yg masih pelajar, susah bgt pas milih jenjang sekolahnya"
Nursining Nursining,5,2025-10-22 11:17:44,menjahit baju gamis sama sragam anak sekolah
Neng Tuti Setiawati,1,2025-10-22 09:39:09,Gak penting juga download aplikasi begini
hans richard,1,2025-10-22 03:06:13,"akun tibaÂ² gk bisa di buka, saat pilih lupa pin dan di suruh memasukan no yg di kirim ke email gk bisa"
Feryl Nugraha,1,2025-10-22 03:04:45,lupa sandi kode udah masuk salah ğŸ¥±ğŸ¥±
ibeth mayorga,1,2025-10-21 21:58:39,ga bisa login..padahal udh masukin pin yg benar
Salsabilla Aulia Agustin,1,2025-10-21 11:54:05,apk apaan buat ngisi jenjang pendidikan aja gabisa
Yohon Kun,1,2025-10-21 10:34:02,makin konyol aja ni aplikasi mau lihat vaksin aja hrs repot verifikasi
M . J Thariq,1,2025-10-21 08:31:12,"aplikasi mempersulit.. kok bisa nama ga sesuai di nik terdaftar, padahal untuk yang lain sesuai. bukannya dimasukin ke database ya waktu bikin ktp? bikin kerja 2x. mana harus ke app identitas kependudukan digital dan harus offline juga, ribet bgt sumpah. ini saya nulis gini juga gabakal dibaca apalagi di dengar"
wi dyan,5,2025-10-21 07:00:06,"Tidak bisa ubah (hapus) akun, karena awal buat 1 akun (hp + email) untuk 2 orang, saya mau ubah 1 akun untuk 1 orang untuk isi tgl lahir tidak bisa, di ulang ulang sampai tangan kriting tetap tidak bisa."
Toto Prihandoko,1,2025-10-21 06:44:59,"Dimta update, tapi setelah update kok malah ngga bisa masuk lagi...."
Emmanuella Maranatha,1,2025-10-21 04:39:16,"aplikasi sampah, kirim pengaduan juga lelet, disini juga bot yg respon tapi respon nya sama semua"
Ahmad Farid,5,2025-10-21 03:22:32,anjayy
Tukang Juild,1,2025-10-21 02:21:22,"app pemerintah full lawak, buang2 anggara ajağŸ¤¬ğŸ¤¬ğŸ¤¬"
esa sholeh,3,2025-10-21 01:17:48,verivikasi by identitas kependudukan digital susah terkoneksi
Abdul Choir,5,2025-10-21 00:46:40,"pelayanan nya ok bagus,,,"
Rhe,1,2025-10-20 12:52:55,"gagal terus gak bisa masuk, padahal akun lama, sudah masukkan kode verifikasi dari wa gak bisa juga, pakai identitas kependudukan digital gak mau jg"
Yosua Putu Raditya,1,2025-10-20 12:42:33,"aplikasi gagal ini, mau masuk pakai nomor HP saat masukin pin selalu gagal padahal udh benar, klik lupa akun saat masukin kode verifikasi dari WA malah gagal, parah..."
Rifki Firmansyah,5,2025-10-20 11:59:15,good
Dins Lucky,1,2025-10-20 09:09:06,"aneh aplikasinya sudah di download ga bisa di verifikasi,,no ktp ga konek"" pergi ke faskes sudah tidak aplikasi nya,,"
Ifan Pradana,1,2025-10-20 07:40:03,"parah masuk ngak bisa, daftar ngka bisa,"
Mohammad Takrifan,5,2025-10-20 05:53:46,sangat bermanfaat
RUSNANG,1,2025-10-20 01:33:53,kok gak bisa dibuka ya Apl SATU SEHAT
Ahya,1,2025-10-19 12:13:22,"aplikasinya jelek banget,, tidak bisa bantu follow up jika terjadi kesalahan"
Reza Febriandi,1,2025-10-19 11:24:35,kenapa tidak bisa mengunduh sertifikat vaksin?
Aulianisa Nurul17,1,2025-10-19 02:23:01,punya gua gabisa liat hasil vaksin nya
Dibek Cuyy,1,2025-10-19 00:05:41,ini gimanaa saya download sertifikat vaksin gabisa bisa
Hanantyo Firadi Putro,2,2025-10-18 02:48:33,mau verifikasi profil untuk lihat rekaman medis gak bisa ! tolong diperbaiki
Budi Pratama,1,2025-10-17 16:11:13,"up date ya up date setiap up date selalu minta login melulu,akhir nya lupa akun,akhir nya tidak bisa di gunakan"
NN NN,1,2025-10-17 01:40:17,Useless app. Get health check up and I can't see it right away. Only doctor can see the result. She said just wait and see for the result. I hate this. Not recommended to get free checking if it's just basic stuff on stupid clinic. Seems like government want to collect data and harvest it for something basic offer.
Isma Wati,5,2025-10-16 12:58:57,bagus apk nya terimakasih
Askah Rifki hamizan,1,2025-10-16 11:27:57,gk jelas alamat skolah sm alamt tigal tidak d temukan terus . aplikasi gk jelas
Tri Handayani Septiana,1,2025-10-16 09:16:36,aplikasi beban doank...
FASIL JB,1,2025-10-16 06:16:31,sampah
Haniza,2,2025-10-16 04:25:17,"awalÂ² bisa di akses, sekarang malah harus login lagi dan harus milih tema tapi loading terus, solusinya gimana ya? pdhl sudh di uninstal tapi tetep aja"
Winarto Soneta,1,2025-10-16 02:53:38,sertifikat vaksi tidak bisa diunduh
Dedi Prandora,1,2025-10-15 14:18:09,Ok
maman,1,2025-10-15 13:17:51,"aneh bgt ini dah apk, mau liat sertifikat vaksin ga bisa2 heran udah email berkali2 jwbnya masih ada pemeliharaan terus lama bgt, mana malah disuruh ngecek sendiri di puskesmas buat data vaksin nya gajelas bgttt"
Muhammad Hakim,1,2025-10-15 09:21:15,"gak bisa masuk akun, biasanya bisa"
Liza Harfina Rambe,5,2025-10-15 05:50:04,informatif
Margaretta Harjadi,1,2025-10-15 05:28:15,"mau lihat tiket pemeriksaan saja susah, dr tadi loding terus"
raditya indra,1,2025-10-14 21:41:39,aplikasi crash tidak bisa login otp salah terus
Fitrah Ramadhon,1,2025-10-14 14:51:08,Bintang 1 Karena Bikin kesal
Agustinus Prasetyo,2,2025-10-14 12:37:36,"menu tiket pemeriksaan loading terussss,,"
Dewi Rizna,1,2025-10-14 10:46:57,"kenapa pas halaman daftar pemeriksaan gratisnya loading terus. Padahal saya mau daftar, mumpung ulang tahun. nanti lewat bulan pasti ga bisa lagi. Apa programnya sdh tdk ada? Bukannya itu programnya Bapak Presiden?"
Geri Antonio,1,2025-10-14 05:22:03,"banyak error ketika login dan sekarang tidak bisa login, aplikasi sering logout sendiri"
Endah Sudarwati,2,2025-10-13 19:49:27,"Aplikasinya tidak dapat digunakan, sudah memasukkan kode OTP berkali-kali namun tidak bisa login. Mohon solusinya."
Nia Srinarwati,1,2025-10-13 16:14:19,"ini aplikasi kenapa sih salah pin segala padahal udah bener, coba ikutin lupa pin, terus udah verif email segala dll, udah buat ulang pin ..masih aja salah .. aneh padahal lagi urgent banget diperlukan tolong diperbaiki lagi kedepannya terimakasih"
aguzt restless,1,2025-10-13 10:00:18,"aplikasi yg sangat ribet, susah di pencet dengan alasan koneksi internet. internet data harga mahal tapi koneksi paling lemot."
Rommi Dwika Damara,1,2025-10-13 02:51:32,sertifikat vaksin sudah ada tapi tertera tidak bisa di unduh
Davit Verintama,1,2025-10-12 23:16:16,sering eror di bagian kode OTP/kode OTP tidak valid masu masuk susah nya minta ampun
Hasanul panji,1,2025-10-12 12:06:23,aplikasi tolol
Yoseph Andreas,5,2025-10-12 05:34:14,lupa email dan nomor hp . jadi ga bisa login . klik menu daftar . tapi sudah terdaftar . jadi haru bagaiman ????
Shaqeil Ibrahim,1,2025-10-12 02:47:31,gak bisa login pake akun doang dih
Bintang Maha Putra,1,2025-10-11 23:43:08,"aplikasi negara kah ini? klo iya knp gangguan mulu si, heran"
AA Riez Zalfa,1,2025-10-11 10:46:13,"Aku belum cek kesehatan gratis, tapi kenapa malah sudah ada hasil pemeriksaannya, di puskesmas tanjung sari Surabaya? jadi aku nggak bisa cek lagi kan? jadi ini solusinya gimana? belum cek kesehatan kok sudah ada hasilnya?"
ERICK KRISNA ESTARIO PLAITUKA,1,2025-10-11 00:31:25,ini apk apaan otp dikirim benar ga sesuai terus cara masuk nya gmna? gejelas
Anastasia Ninuk,1,2025-10-11 00:27:24,tibaÂ² logout sendiri dan tidak bisa login lagi. semua cara sudah dicoba sampai uninstall app. bagaimana kinerja IT nya? sekelas app kementerian lho ini. sinkronisasi data saja tidak mampu
